"Reference","Qty","Value","DNP","Exclude from BOM","Exclude from Board","Exclude from Simulation","Exclude from Position Files","Footprint","Datasheet"
"C1","1","680u","","","","","${EXCLUDE_FROM_POS_FILES}","Capacitor_SMD:C_0805_2012Metric",""
"C2","1","220u","","","","","${EXCLUDE_FROM_POS_FILES}","Capacitor_THT:C_Radial_D8.0mm_H7.0mm_P3.50mm",""
"C3,C5","2","10u","","","","","${EXCLUDE_FROM_POS_FILES}","Capacitor_SMD:C_0805_2012Metric",""
"C4,C6,C8","3","0.1u","","","","","${EXCLUDE_FROM_POS_FILES}","Capacitor_SMD:C_0805_2012Metric",""
"C7","1","1u","","","","","${EXCLUDE_FROM_POS_FILES}","Capacitor_SMD:C_0805_2012Metric",""
"C9","1","22u","","","","","${EXCLUDE_FROM_POS_FILES}","Capacitor_SMD:C_1206_3216Metric",""
"C10","1","100n","","","","","${EXCLUDE_FROM_POS_FILES}","Capacitor_SMD:C_0805_2012Metric",""
"D1","1","1N5824","","","","","${EXCLUDE_FROM_POS_FILES}","Diode_SMD:D_SMA",""
"D2","1","Status LED","","","","","${EXCLUDE_FROM_POS_FILES}","LED_SMD:LED_0805_2012Metric",""
"J1","1","USB_OTG","","","","","${EXCLUDE_FROM_POS_FILES}","Connector_USB:USB_Micro-B_Molex_47346-0001",""
"J2","1","Conn_01x04_Pin","","","","","${EXCLUDE_FROM_POS_FILES}","Connector_PinHeader_2.54mm:PinHeader_1x04_P2.54mm_Vertical",""
"J3","1","OLED Header","","","","","${EXCLUDE_FROM_POS_FILES}","Connector_PinHeader_2.54mm:PinHeader_1x04_P2.54mm_Vertical",""
"J4","1","DHT 11","","","","","${EXCLUDE_FROM_POS_FILES}","Connector_PinHeader_2.54mm:PinHeader_1x03_P2.54mm_Vertical",""
"J5","1","Conn_01x03_Pin","","","","","${EXCLUDE_FROM_POS_FILES}","Connector_PinHeader_2.54mm:PinHeader_1x03_P2.54mm_Vertical",""
"J6","1","Conn_01x02_Pin","","","","","${EXCLUDE_FROM_POS_FILES}","LED_THT:LED_D5.0mm_IRGrey",""
"L1","1","33u","","","","","${EXCLUDE_FROM_POS_FILES}","Inductor_SMD:L_10.4x10.4_H4.8",""
"LDR1","1","GL5528","","","","","${EXCLUDE_FROM_POS_FILES}","OptoDevice:R_LDR_10x8.5mm_P7.6mm_Vertical","http://www.elektronica-componenten.nl/WebRoot/StoreNL/Shops/61422969/54F1/BA0C/C664/31B9/2173/C0A8/2AB9/2AEF/LDR03IMP.pdf"
"R1,R2,R5,R7","4","10k","","","","","${EXCLUDE_FROM_POS_FILES}","Resistor_SMD:R_0805_2012Metric",""
"R3,R4","2","4k7","","","","","${EXCLUDE_FROM_POS_FILES}","Resistor_SMD:R_0805_2012Metric",""
"R6","1","330","","","","","${EXCLUDE_FROM_POS_FILES}","Resistor_SMD:R_0805_2012Metric",""
"R8","1","120","","","","","${EXCLUDE_FROM_POS_FILES}","Resistor_SMD:R_0805_2012Metric",""
"SW1,SW2","2","SW_Push","","","","","${EXCLUDE_FROM_POS_FILES}","Button_Switch_THT:SW_PUSH_6mm",""
"U1","1","LM2596S-5","","","","","${EXCLUDE_FROM_POS_FILES}","Package_TO_SOT_SMD:TO-263-5_TabPin3","http://www.ti.com/lit/ds/symlink/lm2596.pdf"
"U2","1","AMS1117-3.3","","","","","${EXCLUDE_FROM_POS_FILES}","Package_TO_SOT_SMD:SOT-223-3_TabPin2","http://www.advanced-monolithic.com/pdf/ds1117.pdf"
"U3","1","ESP32-S3-WROOM-1","","","","","${EXCLUDE_FROM_POS_FILES}","RF_Module:ESP32-S3-WROOM-1","https://www.espressif.com/sites/default/files/documentation/esp32-s3-wroom-1_wroom-1u_datasheet_en.pdf"
"U4","1","MAX3485","","","","","${EXCLUDE_FROM_POS_FILES}","Package_SO:SOIC-8_3.9x4.9mm_P1.27mm","https://datasheets.maximintegrated.com/en/ds/MAX3483-MAX3491.pdf"
